<?xml version="1.0" encoding="UTF-8"?>  
<beans xmlns="http://www.springframework.org/schema/beans"  
       xmlns:xsi="http://www.w3.org/2001/XMLSchema-instance"  
       xmlns:batch="http://www.springframework.org/schema/batch"  
       xsi:schemaLocation="http://www.springframework.org/schema/beans   
                                http://www.springframework.org/schema/beans/spring-beans-4.0.xsd  
                                http://www.springframework.org/schema/batch   
                                http://www.springframework.org/schema/batch/spring-batch-3.0.xsd">  
  	
  	<import resource="datasource-config.xml"/>
  	<import resource="job-context.xml"/>
   
      <job id="hellojob" xmlns="http://www.springframework.org/schema/batch">       
           <step id="orderprocessor">  
                <tasklet>  
                     <chunk reader="reader" writer="writer" commit-interval="3" skip-limit="2">  
                          <skippable-exception-classes>  
                               <include class="org.springframework.batch.item.file.FlatFileParseException" />  
                          </skippable-exception-classes>  
                     </chunk>  
                </tasklet>                 
           </step>  
      </job>  
        
      <bean id="reader" class="org.springframework.batch.item.file.FlatFileItemReader" scope="step">  
           <property name="resource" value="classpath:input/orders.csv" />  
           <property name="linesToSkip" value="1" />  
           <property name="lineMapper">  
                <bean class="org.springframework.batch.item.file.mapping.DefaultLineMapper">  
                     <property name="lineTokenizer">  
                          <bean class="org.springframework.batch.item.file.transform.DelimitedLineTokenizer">  
                               <property name="names" value="CUST_ID,ORDERNUM,COUNTRY" />  
                               <property name="delimiter" value="," />  
                          </bean>  
                     </property>  
                     <property name="fieldSetMapper">  
                          <bean class="com.javahash.batch.OrderDataMapper" />  
                     </property>  
                </bean>  
           </property>  
      </bean>  
        
      <bean id="writer" class="com.javahash.batch.OrderItemWriter">  
           <constructor-arg ref="dataSource" />  
      </bean>  
   
 </beans>  
